PACK_SIZE,TOT_SALES
175.0,485431.4
150.0,304288.5
134.0,177655.5
110.0,162765.4
170.0,146673.0
330.0,136794.30000000002
300.0,113330.59999999999
165.0,101360.6
380.0,75419.6
270.0,55425.399999999994
210.0,43048.8
250.0,26096.7
135.0,26090.4
200.0,16007.5
190.0,14412.9
160.0,10647.6
90.0,9676.4
180.0,8568.4
70.0,6852.0
220.0,6830.999999999999
125.0,5733.0
